Symbol,Exchange,Close,Price_Change_Pct,Volume,30D_Avg_Volume,Volume_Multiple
TARIL,NSE,280.8,3.96,57280414,1565700.2333333334,36.58
FEDDERSHOL,NSE,63.63,3.45,61090409,3762472.2666666666,16.24
LEMONTREE,NSE,107.67,3.28,32197118,2602689.2666666666,12.37
SAPPL,NSE,308.5,2.8,12198,1901.5333333333333,6.41
STERTOOLS,NSE,224.28,2.73,121325,32118.666666666668,3.78
GLOBAL,NSE,136.51,2.79,605881,201938.8,3.0
ROLEXRINGS,NSE,196.36,3.3,5245978,1769519.3333333333,2.96
CCL,NSE,1056.6,3.64,405128,146534.93333333332,2.76
NUVAMA,NSE,1701.4,2.96,856086,320488.0,2.67
AXISCADES,NSE,2307.3,3.41,681040,261657.4,2.6
HAVELLS,NSE,1040.0,2.36,2030089,835673.8666666667,2.43
ADFFOODS,NSE,281.4,3.04,266181,110433.06666666667,2.41
GENCON,NSE,40.75,3.06,791007,371522.6666666667,2.13
